title,summary,source,time_published,topics,overall_sentiment_label,overall_sentiment_score,ticker,llm_evidence,llm_predicted_movement,llm_explanation
Moody's  ( MCO )  Reports Next Week: Wall Street Expects Earnings Growth,Moody's (MCO) doesn't possess the right combination of the two key ingredients for a likely earnings beat in its upcoming report. Get prepared with the key expectations.,Zacks Commentary,20250415T140041,"[{'topic': 'Earnings', 'relevance_score': '1.0'}, {'topic': 'Finance', 'relevance_score': '1.0'}, {'topic': 'Financial Markets', 'relevance_score': '0.365926'}]",Neutral,0.13587,AXP,"[""doesn't possess the right combination"", 'key expectations']",Down,The sentiment of 'Neutral' is supported by the fact that Moody's is not expected to have a strong earnings beat based on the lack of the right combination of key ingredients. This could lead to a decrease in investor confidence and potentially a downward movement in the stock price in the short term.
Can Visa Keep Delivering Under Tariff Pressure? Time to Buy or Bail?,"V is well-positioned for growth, supported by the global shift away from cash toward digital payments.",Zacks Commentary,20250415T112900,"[{'topic': 'Economy - Monetary', 'relevance_score': '0.310843'}, {'topic': 'Financial Markets', 'relevance_score': '0.929393'}, {'topic': 'Earnings', 'relevance_score': '0.947132'}, {'topic': 'Finance', 'relevance_score': '1.0'}, {'topic': 'Blockchain', 'relevance_score': '0.310843'}]",Somewhat-Bullish,0.209898,AXP,"['well-positioned for growth', 'global shift away from cash toward digital payments']",Up,"The evidence suggests that Visa (V) is in a strong position for growth due to the global trend towards digital payments. This positive outlook is likely to have a spillover effect on AXP (American Express), leading to a potential increase in its stock price in the short term."
"The Zacks Analyst Blog Abbott, Taiwan Semiconductor, American Express, ManpowerGroup and D.R. Horton","Abbott, Taiwan Semiconductor, American Express, ManpowerGroup and D.R. Horton are included in this Analyst Blog.",Zacks Commentary,20250415T112500,"[{'topic': 'Life Sciences', 'relevance_score': '0.333333'}, {'topic': 'Financial Markets', 'relevance_score': '0.266143'}, {'topic': 'Manufacturing', 'relevance_score': '0.333333'}, {'topic': 'Earnings', 'relevance_score': '0.998626'}, {'topic': 'Finance', 'relevance_score': '0.333333'}]",Neutral,-0.023966,AXP,"['Analyst Blog', 'Included in this Analyst Blog']",Up,The inclusion of American Express in the Analyst Blog suggests positive coverage and attention from analysts. This could lead to increased investor interest and potentially drive the stock price up in the short term.
Is AmEx Stock a Buy Ahead of Q1 Earnings? Key Factors to Watch,AXP is likely to have witnessed a rise in network volumes and lower profits from Global Merchant and Network Services during the first quarter.,Zacks Commentary,20250415T110800,"[{'topic': 'Earnings', 'relevance_score': '0.997874'}, {'topic': 'Finance', 'relevance_score': '1.0'}, {'topic': 'Financial Markets', 'relevance_score': '0.214378'}]",Somewhat-Bullish,0.268599,AXP,"['rise in network volumes', 'lower profits from Global Merchant and Network Services']",Up,"The evidence suggests that AXP may experience increased network volumes, which could lead to higher revenue despite lower profits from certain services. This positive outlook is likely to drive investor confidence and result in a short-term stock movement upwards."
"US Stock Futures Slip As Investors Brace Themselves For Netflix, AmEx Earnings This Week - Nikkei Up On Strong Sentiment - Bank of America  ( NYSE:BAC ) , American Express  ( NYSE:AXP ) ","After two days of back-to-back gains in the spot market, U.S. stock futures had a choppy session Monday night as investors await earnings reports from multiple prominent companies.",Benzinga,20250415T020837,"[{'topic': 'Life Sciences', 'relevance_score': '0.5'}, {'topic': 'Financial Markets', 'relevance_score': '0.796627'}, {'topic': 'Earnings', 'relevance_score': '0.310843'}, {'topic': 'Finance', 'relevance_score': '0.5'}, {'topic': 'Economy - Macro', 'relevance_score': '0.158519'}]",Neutral,0.138995,AXP,"['US Stock Futures Slip', 'Investors Brace Themselves For Netflix, AmEx Earnings This Week', 'Choppy Session Monday Night', 'Investors Await Earnings Reports']",Neutral,"Based on the evidence provided, the sentiment is neutral as investors are cautious and uncertain about the upcoming earnings reports of companies like American Express (AXP). The choppy session and anticipation of earnings suggest that the stock movement of AXP is likely to remain neutral in the short term, neither significantly up nor down."
5 Top Stock Charts for This Week,"Tracey Ryniec talks about a new strategy for Q1 earnings season, including impacts of the tariffs, on ABT, TSM, AXP, MAN, and DHI.",Zacks Commentary,20250415T004200,"[{'topic': 'Life Sciences', 'relevance_score': '0.333333'}, {'topic': 'Financial Markets', 'relevance_score': '0.684621'}, {'topic': 'Manufacturing', 'relevance_score': '0.333333'}, {'topic': 'Earnings', 'relevance_score': '0.998626'}, {'topic': 'Finance', 'relevance_score': '0.333333'}]",Neutral,-0.064414,AXP,"['new strategy for Q1 earnings season', 'impacts of the tariffs']",Neutral,"The headline and summary do not provide specific positive or negative information about AXP. The mention of a new strategy for Q1 earnings season could potentially have a positive impact, while the impacts of tariffs could be seen as a negative factor. Overall, the mixed signals suggest a neutral sentiment and hence a likely neutral short-term stock movement for AXP."
Zymra Under Review: Natural Fat Burning System - Safe OTC Alternative to GLP-1 Drugs,"New York City, April 14, 2025 ( GLOBE NEWSWIRE ) -- Losing weight is more complicated than simply eating less and moving more. For many adults, especially those over the age of 30, persistent weight gain is the result of biological resistance-not a lack of willpower.",Benzinga,20250415T000730,"[{'topic': 'Economy - Fiscal', 'relevance_score': '0.451494'}, {'topic': 'Retail & Wholesale', 'relevance_score': '0.5'}, {'topic': 'Financial Markets', 'relevance_score': '0.538269'}, {'topic': 'Finance', 'relevance_score': '0.5'}]",Somewhat-Bullish,0.18693,AXP,"['Natural Fat Burning System', 'Safe OTC Alternative', 'persistent weight gain', 'biological resistance']",Up,"The sentiment label 'Somewhat-Bullish' suggests a positive outlook for AXP. The phrases 'Natural Fat Burning System' and 'Safe OTC Alternative' indicate potential innovative products or solutions by AXP. Additionally, addressing the issue of 'persistent weight gain' due to 'biological resistance' could imply a promising market opportunity for AXP, leading to a likely short-term stock movement upwards."
Best Sweepstakes Casino 2025: Crown Coins Casino Voted Best for Sweeps Coins,"New York City, April 14, 2025 ( GLOBE NEWSWIRE ) -- Are you trying to find the top casinos in the US for sweepstakes? You're in the right place. We have compiled a reliable list of online Sweepstakes Casinos you can enjoy online.",Benzinga,20250414T190612,"[{'topic': 'Finance', 'relevance_score': '1.0'}, {'topic': 'Blockchain', 'relevance_score': '0.158519'}, {'topic': 'Financial Markets', 'relevance_score': '0.108179'}]",Bullish,0.509282,AXP,"['Best Sweepstakes Casino 2025', 'Crown Coins Casino Voted Best for Sweeps Coins', 'top casinos in the US for sweepstakes', 'reliable list of online Sweepstakes Casinos']",Up,"The sentiment label 'Bullish' indicates a positive outlook for AXP. The news headline and summary highlight the recognition of Crown Coins Casino as the best for Sweeps Coins in 2025, which could imply positive associations for AXP. This positive sentiment and association with a successful casino could lead to increased investor confidence and potentially drive the stock price of AXP up in the short term."
Bank Of America Q1 Earnings Preview: Can Warren Buffett's Favorite Continue Beating Estimates? - Bank of America  ( NYSE:BAC ) ,Bank of America has beaten analyst estimates for revenue in nine of the last 10 quarters. The company reports financial results in a week that comes with high uncertainty around Donald Trump'd tariff policies. Feel unsure about the market's next move?,Benzinga,20250414T183549,"[{'topic': 'Financial Markets', 'relevance_score': '0.996023'}, {'topic': 'Manufacturing', 'relevance_score': '0.5'}, {'topic': 'Earnings', 'relevance_score': '0.996718'}, {'topic': 'Finance', 'relevance_score': '0.5'}]",Neutral,0.050272,AXP,"['beaten analyst estimates for revenue in nine of the last 10 quarters', ""high uncertainty around Donald Trump's tariff policies""]",Neutral,"The evidence suggests a mixed sentiment for AXP. While the consistent beating of revenue estimates is positive, the uncertainty surrounding Trump's tariff policies introduces a level of risk. These conflicting factors may lead to a neutral short-term stock movement as investors weigh the potential outcomes."
This Is What Whales Are Betting On American Express - American Express  ( NYSE:AXP ) ,"Investors with a lot of money to spend have taken a bullish stance on American Express AXP. We noticed this today when the trades showed up on publicly available options history that we track here at Benzinga. Whether these are institutions or just wealthy individuals, we don't know.",Benzinga,20250414T170045,"[{'topic': 'Earnings', 'relevance_score': '0.310843'}, {'topic': 'Finance', 'relevance_score': '1.0'}, {'topic': 'Financial Markets', 'relevance_score': '0.99393'}]",Somewhat-Bullish,0.218921,AXP,"['Whales are betting on American Express', 'Investors with a lot of money', 'Bullish stance on American Express', 'Trades showed up on publicly available options history']",Up,"The evidence suggests that investors with significant capital are taking a bullish stance on American Express, as seen in the trades on publicly available options history. This indicates confidence in the company's future performance, likely leading to an increase in the stock price in the short term."
Stay Ahead of the Game With American Express  ( AXP )  Q1 Earnings: Wall Street's Insights on Key Metrics,"Besides Wall Street's top -and-bottom-line estimates for American Express (AXP), review projections for some of its key metrics to gain a deeper understanding of how the company might have fared during the quarter ended March 2025.",Zacks Commentary,20250414T131516,"[{'topic': 'Earnings', 'relevance_score': '0.998287'}, {'topic': 'Finance', 'relevance_score': '1.0'}, {'topic': 'Financial Markets', 'relevance_score': '0.161647'}]",Somewhat-Bullish,0.156841,AXP,"['top-and-bottom-line estimates', 'projections for key metrics', 'deeper understanding', 'fared during the quarter']",Up,"The headline and summary indicate that American Express (AXP) is likely to have performed well in Q1 2025, meeting or exceeding Wall Street's estimates and projections for key metrics. This positive performance suggests a potential increase in stock value, leading to a short-term upward movement."
"Apple Stock Plunged on Tariff News, But It's Proving to Be Unstoppable in Another Lucrative Area","Shares of Apple ( NASDAQ: AAPL ) are currently 26% below their peak from December last year ( as of April 10 ) , a drop that has been spurred by ongoing tariff announcements. As of this writing, there is a huge 145% tariff that's implemented on goods leaving China for the U.S.",Motley Fool,20250413T095100,"[{'topic': 'Earnings', 'relevance_score': '0.796627'}, {'topic': 'Technology', 'relevance_score': '0.5'}, {'topic': 'Finance', 'relevance_score': '0.5'}]",Somewhat-Bullish,0.260277,AXP,"['Shares of Apple are currently 26% below their peak from December last year', 'Drop spurred by ongoing tariff announcements', 'Huge 145% tariff implemented on goods leaving China for the U.S.']",Up,"Despite the negative impact of the tariff news on Apple's stock price, the company is proving to be unstoppable in another lucrative area. The significant drop in stock price due to tariff announcements may have already been factored in by the market, leading to a potential rebound. Additionally, the resilience and strength of Apple in other areas could drive investor confidence and push the stock price up in the short term."
Stock Market Sell-Off: The Best Warren Buffett Stocks to Buy Now,"Warren Buffett has built a fortune in the stock market by playing the long game. Over the last 59 years, his investing skills guided Berkshire Hathaway ( NYSE: BRK.A ) ( NYSE: BRK.B ) to an incredible return of more than 5,000,000%.When the stock market falls, Buffett's top holdings are a great ...",Motley Fool,20250413T073500,"[{'topic': 'Financial Markets', 'relevance_score': '0.999956'}, {'topic': 'Manufacturing', 'relevance_score': '0.333333'}, {'topic': 'Earnings', 'relevance_score': '0.972476'}, {'topic': 'Technology', 'relevance_score': '0.333333'}, {'topic': 'Finance', 'relevance_score': '0.333333'}]",Bullish,0.458207,AXP,"['Warren Buffett', 'fortune in the stock market', 'investing skills', 'incredible return', 'stock market falls', ""Buffett's top holdings""]",Up,"The sentiment of the news being 'Bullish' is supported by the mention of Warren Buffett, his successful investing track record, and the reference to his top holdings performing well even when the stock market falls. Investors are likely to view AXP positively based on Buffett's success, leading to a potential short-term stock movement upwards."
3 Top Dividend Stocks to Buy in April,"When the market starts to tumble, more aggressive investors often start looking for bargains in the list of previous top performers. For example, American Express has fallen nearly 30% from its early-year highs. But its yield is only around 1.4% even after that stiff drop.",Motley Fool,20250413T070500,"[{'topic': 'Financial Markets', 'relevance_score': '1.0'}, {'topic': 'Real Estate & Construction', 'relevance_score': '0.333333'}, {'topic': 'Technology', 'relevance_score': '0.333333'}, {'topic': 'Finance', 'relevance_score': '0.333333'}]",Neutral,0.126451,AXP,"['American Express', 'fallen nearly 30%', 'yield is only around 1.4%']",Up,"The evidence suggests that American Express has fallen significantly from its early-year highs, making it potentially undervalued. Additionally, the mention of investors looking for bargains in top performers indicates a positive sentiment towards the stock. The low yield despite the drop also implies room for growth. Therefore, the likely short-term stock movement for AXP is 'Up'."
Whispeara Under Review: Best Natural Hearing Support Formula on the Market,"New York City, April 12, 2025 ( GLOBE NEWSWIRE ) -- Hearing loss isn't just an age-related condition-it's a growing global concern affecting people of all backgrounds and lifestyles.",Benzinga,20250412T181105,"[{'topic': 'Economy - Monetary', 'relevance_score': '0.158519'}, {'topic': 'Life Sciences', 'relevance_score': '0.5'}, {'topic': 'Financial Markets', 'relevance_score': '0.214378'}, {'topic': 'Earnings', 'relevance_score': '0.310843'}, {'topic': 'Finance', 'relevance_score': '0.5'}]",Somewhat-Bullish,0.256741,AXP,"['Best Natural Hearing Support Formula', 'Growing global concern affecting people of all backgrounds and lifestyles']",Up,"The headline and summary highlight the positive aspects of the hearing support formula, indicating its effectiveness and relevance in addressing a global concern. This positive sentiment is likely to attract investors and consumers, leading to increased demand for the product and potentially driving the stock price of AXP up in the short term."
2 Stocks to Buy If This Tariff-Fueled Market Downturn Continues,"The stock market is on a volatility roller coaster. After falling sharply in recent weeks, the S&P 500 index closed up over 10% on April 9 thanks to an announcement by the Trump administration about a pause on tariffs over the next 90 days for countries around the world ( excluding China ) , a ...",Motley Fool,20250412T134500,"[{'topic': 'Economy - Monetary', 'relevance_score': '0.451494'}, {'topic': 'Financial Markets', 'relevance_score': '0.986714'}, {'topic': 'Earnings', 'relevance_score': '0.999606'}, {'topic': 'Finance', 'relevance_score': '1.0'}]",Somewhat-Bullish,0.160966,AXP,"['tariff-fueled market downturn', 'volatility roller coaster', 'announcement by the Trump administration about a pause on tariffs']",Up,"Given the announcement of a pause on tariffs by the Trump administration, it is likely to have a positive impact on companies affected by tariffs, including AXP. This news could lead to increased investor confidence and potentially drive the stock price of AXP up in the short term."
1 Stock to Buy Hand Over Fist in the Tariff-Induced Market Downturn,Buying through market drawdowns is the right thing to do.,Motley Fool,20250412T082300,"[{'topic': 'Earnings', 'relevance_score': '0.998333'}, {'topic': 'Finance', 'relevance_score': '1.0'}, {'topic': 'Financial Markets', 'relevance_score': '0.990999'}]",Somewhat-Bullish,0.203396,AXP,"['Stock to Buy Hand Over Fist', 'Tariff-Induced Market Downturn', 'Buying through market drawdowns is the right thing to do']",Up,"The headline suggests a strong recommendation to buy AXP aggressively despite the market downturn caused by tariffs. Additionally, the summary reinforces the idea of buying during market drawdowns. This positive sentiment and encouragement to buy indicate a likely short-term upward movement in AXP's stock price."
Prodentim Ingredients Under Review - What the Science Says About Customer Benefits,"New York City, April 11, 2025 ( GLOBE NEWSWIRE ) -- Oral health plays a vital role in overall wellness, yet it remains one of the most frequently neglected aspects of self-care.",Benzinga,20250412T014656,"[{'topic': 'Economy - Fiscal', 'relevance_score': '0.158519'}, {'topic': 'Finance', 'relevance_score': '1.0'}]",Somewhat-Bullish,0.228174,AXP,"['Prodentim Ingredients Under Review', 'Science Says About Customer Benefits', 'Oral health plays a vital role in overall wellness', 'most frequently neglected aspects of self-care']",Up,"The news headline and summary suggest that Prodentim Ingredients are under review, indicating a potential positive development for the company AXP. Additionally, highlighting the importance of oral health and self-care can create a positive sentiment among consumers. This positive sentiment is likely to drive increased interest and demand for AXP's products, leading to a predicted short-term stock movement upwards."
"Jim Cramer's week ahead: Earnings from Goldman Sachs, Johnson & Johnson and Netflix",CNBC's Jim Cramer on Friday told investors which market-moving events to follow next week.,CNBC,20250411T225659,"[{'topic': 'Life Sciences', 'relevance_score': '0.2'}, {'topic': 'Technology', 'relevance_score': '0.2'}, {'topic': 'Finance', 'relevance_score': '0.2'}, {'topic': 'Retail & Wholesale', 'relevance_score': '0.2'}, {'topic': 'Financial Markets', 'relevance_score': '0.94762'}, {'topic': 'Manufacturing', 'relevance_score': '0.2'}, {'topic': 'Earnings', 'relevance_score': '0.890401'}]",Neutral,0.102159,AXP,"['Jim Cramer', 'market-moving events', 'next week']",Neutral,"Based on the neutral sentiment label and the mention of market-moving events in the upcoming week, it is likely that the stock movement of AXP will remain stable or neutral. The focus on various earnings reports suggests a balanced market sentiment without any significant positive or negative impact on AXP's stock in the short term."
American Express Receives Upgrade: What Makes This Stock So Appealing? - American Express  ( NYSE:AXP ) ,"BofA upgrades Amex to Buy, citing resilient high-income customers and strong management amid slowing growth and tariff risks. Analyst trims 2025 EPS to $14.76 but sees long-term upside as Amex flexes costs and defends margins in tough macro climate. Feel unsure about the market's next move?",Benzinga,20250411T165059,"[{'topic': 'Earnings', 'relevance_score': '0.992549'}, {'topic': 'Finance', 'relevance_score': '1.0'}, {'topic': 'Financial Markets', 'relevance_score': '0.684621'}]",Somewhat-Bullish,0.269349,AXP,"['BofA upgrades Amex to Buy', 'resilient high-income customers', 'strong management', 'long-term upside', 'Amex flexes costs', 'defends margins']",Up,"The evidence suggests positive factors such as the upgrade to Buy by BofA, resilient high-income customers, and strong management. Additionally, the mention of long-term upside, cost flexibility, and margin defense indicate a positive outlook for AXP. Therefore, the likely short-term stock movement for AXP is Up."
Mastercard Premium Valuation: Opportunity or Risk in a Shaky Economy?,"Beyond macroeconomic and financial concerns, MA also faces rising regulatory scrutiny and legal challenges.",Zacks Commentary,20250411T151800,"[{'topic': 'Economy - Monetary', 'relevance_score': '0.310843'}, {'topic': 'Economy - Fiscal', 'relevance_score': '0.158519'}, {'topic': 'Financial Markets', 'relevance_score': '0.161647'}, {'topic': 'Earnings', 'relevance_score': '0.928769'}, {'topic': 'Finance', 'relevance_score': '1.0'}]",Neutral,0.116962,AXP,"['Mastercard Premium Valuation', 'Opportunity or Risk', 'Shaky Economy', 'Beyond macroeconomic and financial concerns', 'Rising regulatory scrutiny', 'Legal challenges']",Neutral,"The headline and summary highlight the mixed factors affecting Mastercard's valuation, including the opportunity presented by its premium valuation and the risks associated with a shaky economy, regulatory scrutiny, and legal challenges. These conflicting factors suggest a neutral sentiment, indicating that the stock movement of AXP is likely to remain stable in the short term."
What Does the Market Think About American Express? - American Express  ( NYSE:AXP ) ,"American Express's AXP short percent of float has fallen 8.55% since its last report. The company recently reported that it has 7.64 million shares sold short, which is 1.39% of all regular shares that are available for trading.",Benzinga,20250411T130022,"[{'topic': 'Finance', 'relevance_score': '1.0'}, {'topic': 'Financial Markets', 'relevance_score': '0.413559'}]",Somewhat-Bullish,0.268794,AXP,"['short percent of float has fallen 8.55%', '7.64 million shares sold short', '1.39% of all regular shares']",Up,"The decrease in the short percent of float by 8.55% indicates reduced bearish sentiment towards AXP. With fewer shares being sold short and only 1.39% of regular shares available for trading, there is a higher likelihood of increased demand for AXP, leading to a potential short-term stock price increase."
2 No-Brainer Warren Buffett Stocks to Buy Right Now,"With stock prices all over the map right now, it's difficult to determine which companies might be good to invest in. When things are really uncertain, it's a good time to seek guidance from those who've weathered plenty of challenging times.There's probably no one better in the investing world ...",Motley Fool,20250411T122000,"[{'topic': 'Retail & Wholesale', 'relevance_score': '0.5'}, {'topic': 'Financial Markets', 'relevance_score': '0.87644'}, {'topic': 'Earnings', 'relevance_score': '0.905476'}, {'topic': 'Finance', 'relevance_score': '0.5'}]",Neutral,0.137182,AXP,"['stock prices all over the map', 'difficult to determine which companies might be good to invest in', ""seek guidance from those who've weathered plenty of challenging times""]",Neutral,"Based on the sentiment label of 'Neutral' and the evidence extracted from the headline and summary, it seems that the market sentiment towards AXP is uncertain and cautious. The mention of stock prices being volatile and the need for guidance during challenging times indicates a lack of clear direction for the stock in the short term. Therefore, the likely short-term stock movement for AXP is expected to be 'Neutral' or relatively stable."
"This Northrop Grumman Analyst Is No Longer Bearish; Here Are Top 5 Upgrades For Friday - American Express  ( NYSE:AXP ) , Booz Allen Hamilton  ( NYSE:BAH ) ","Top Wall Street analysts changed their outlook on these top names. For a complete view of all analyst rating changes, including upgrades, downgrades and initiations, please see our analyst ratings page.",Benzinga,20250411T115658,"[{'topic': 'Financial Markets', 'relevance_score': '0.980922'}, {'topic': 'Manufacturing', 'relevance_score': '0.333333'}, {'topic': 'Energy & Transportation', 'relevance_score': '0.333333'}, {'topic': 'Finance', 'relevance_score': '0.333333'}]",Somewhat-Bullish,0.316139,AXP,"['Top Wall Street analysts', 'changed their outlook', 'upgrades', 'analyst rating changes']",Up,"Based on the headline and summary indicating top Wall Street analysts changing their outlook and providing upgrades for AXP, the sentiment is somewhat bullish. This positive sentiment is likely to drive the short-term stock movement of AXP upwards as investors react to the analyst upgrades and positive outlook."
"The Zacks Analyst Blog Highlights Eli Lilly, American Express, Thermo Fisher, Steel Partners and Oil-Dri","Eli Lilly, American Express, Thermo Fisher, Steel Partners and Oil-Dri are included in this Analyst Blog.",Zacks Commentary,20250411T105300,"[{'topic': 'Economy - Monetary', 'relevance_score': '0.158519'}, {'topic': 'Life Sciences', 'relevance_score': '0.333333'}, {'topic': 'Financial Markets', 'relevance_score': '0.316726'}, {'topic': 'Manufacturing', 'relevance_score': '0.333333'}, {'topic': 'Earnings', 'relevance_score': '0.360215'}, {'topic': 'Finance', 'relevance_score': '0.333333'}]",Somewhat-Bullish,0.259232,AXP,"['Analyst Blog Highlights', 'Included in this Analyst Blog']",Up,"The headline and summary both highlight that American Express is included in the Zacks Analyst Blog, which can attract positive attention from investors. Being featured in such a blog can increase visibility and potentially lead to increased interest in the company, resulting in a likely short-term stock movement upwards."
"Got $1,000? 2 No-Brainer Warren Buffett Stocks to Buy Right Now.",Warren Buffett is one of the most successful investors of all time. His Berkshire Hathaway portfolio is a valuable snapshot of the equities he believes are destined for long-term success. His vote of confidence is more important than ever in an increasingly uncertain global economy.,Motley Fool,20250411T103000,"[{'topic': 'Retail & Wholesale', 'relevance_score': '0.333333'}, {'topic': 'Financial Markets', 'relevance_score': '0.87644'}, {'topic': 'Manufacturing', 'relevance_score': '0.333333'}, {'topic': 'Earnings', 'relevance_score': '0.360215'}, {'topic': 'Finance', 'relevance_score': '0.333333'}]",Somewhat-Bullish,0.236171,AXP,"['Warren Buffett', 'successful investors', 'Berkshire Hathaway portfolio', 'long-term success', 'uncertain global economy']",Up,"Given the headline mentioning Warren Buffett and his recommended stocks, along with the positive sentiment label of 'Somewhat-Bullish', it is likely that investors will view AXP positively. The association with a successful investor like Buffett and the mention of long-term success in the summary could lead to increased investor confidence and buying activity, hence predicting a short-term stock movement 'Up'."
Should You Really Buy Stocks During Market Turmoil? History Offers an Answer That May Surprise You.,"The stock market's movements have kept some investors glued to their computer screens in recent days as indexes have swung from losses to gains. The Nasdaq Composite ( NASDAQINDEX: ^IXIC ) even crashed and entered a bear market, then began to rebound.What was the reason for these rapid shifts in ...",Motley Fool,20250411T081200,"[{'topic': 'Financial Markets', 'relevance_score': '0.77141'}, {'topic': 'Manufacturing', 'relevance_score': '0.5'}, {'topic': 'Earnings', 'relevance_score': '0.451494'}, {'topic': 'Finance', 'relevance_score': '0.5'}]",Neutral,-0.061317,AXP,"[""stock market's movements"", 'swung from losses to gains', 'Nasdaq Composite crashed and entered a bear market', 'began to rebound']",Neutral,"The evidence suggests that there have been significant fluctuations in the stock market, with both losses and gains. The mention of the Nasdaq Composite crashing and entering a bear market but then rebounding indicates a volatile market. Given the uncertainty and rapid shifts described, the sentiment of 'Neutral' aligns with the expectation that the stock movement for AXP is likely to remain stable in the short term."
"Top Research Reports for Eli Lilly, American Express & Thermo Fisher","Today's Research Daily features new research reports on 16 major stocks, including Eli Lilly and Company (LLY), American Express Company (AXP) and Thermo Fisher Scientific Inc. (TMO), as well as two micro-cap stocks, Steel Partners Holdings L.P. (SPLP) and Oil-Dri Corporation of America (ODC).",Zacks Commentary,20250410T214300,"[{'topic': 'Economy - Monetary', 'relevance_score': '0.158519'}, {'topic': 'Life Sciences', 'relevance_score': '0.333333'}, {'topic': 'Financial Markets', 'relevance_score': '0.214378'}, {'topic': 'Manufacturing', 'relevance_score': '0.333333'}, {'topic': 'Earnings', 'relevance_score': '0.360215'}, {'topic': 'Finance', 'relevance_score': '0.333333'}]",Somewhat-Bullish,0.268881,AXP,"['new research reports', 'major stocks', 'features', 'Somewhat-Bullish']",Up,"The headline and summary indicate that American Express (AXP) is part of new research reports on major stocks, suggesting positive attention from analysts. The term 'Somewhat-Bullish' sentiment label further supports the idea of a positive outlook. Therefore, the likely short-term stock movement for AXP is 'Up'."
Best Betting Sites in the US 2025: BetOnline Takes Top Spot,"New York City, April 10, 2025 ( GLOBE NEWSWIRE ) -- There are more online sports betting sites in the United States than ever, giving sports bettors the unenviable task of selecting the best one. However, we have done the groundwork for you and made our pick of the best betting site: BetOnline.",Benzinga,20250410T190649,"[{'topic': 'Finance', 'relevance_score': '1.0'}, {'topic': 'Blockchain', 'relevance_score': '0.158519'}]",Bullish,0.468653,AXP,"['Best Betting Sites', 'US 2025', 'BetOnline', 'top spot', 'best betting site']",Up,"The news headline and summary highlight BetOnline as the top betting site in the US, indicating positive sentiment towards the company. This positive sentiment is likely to attract more users and investors, leading to increased demand for the company's services and potentially driving the stock price up in the short term."
BRK.B vs. CB: Which Insurer Can Shield Your Portfolio Better?,"Let's find out which auto insurer is a safe investment option, BRK.B or CB.",Zacks Commentary,20250410T175000,"[{'topic': 'Energy & Transportation', 'relevance_score': '0.333333'}, {'topic': 'Finance', 'relevance_score': '0.333333'}, {'topic': 'Economy - Monetary', 'relevance_score': '0.158519'}, {'topic': 'Financial Markets', 'relevance_score': '1.0'}, {'topic': 'Manufacturing', 'relevance_score': '0.333333'}, {'topic': 'Earnings', 'relevance_score': '0.858979'}, {'topic': 'Mergers & Acquisitions', 'relevance_score': '0.158519'}]",Somewhat-Bullish,0.320021,AXP,"['safe investment option', 'shield your portfolio better']",Up,"The headline and summary suggest comparing two insurers for a safe investment option, indicating a positive outlook on the insurance sector. Investors seeking safety and stability may be inclined to invest in AXP, leading to a potential increase in stock price in the short term."
BRK.B vs. CB: Which Insurer Can Shield Your Portfolio Better?,"Let's find out which auto insurer is a safe investment option, BRK.B or CB.",Zacks Commentary,20250410T175000,"[{'topic': 'Energy & Transportation', 'relevance_score': '0.333333'}, {'topic': 'Finance', 'relevance_score': '0.333333'}, {'topic': 'Economy - Monetary', 'relevance_score': '0.158519'}, {'topic': 'Financial Markets', 'relevance_score': '1.0'}, {'topic': 'Manufacturing', 'relevance_score': '0.333333'}, {'topic': 'Earnings', 'relevance_score': '0.858979'}, {'topic': 'Mergers & Acquisitions', 'relevance_score': '0.158519'}]",Somewhat-Bullish,0.315377,AXP,"['safe investment option', 'shield your portfolio better']",Up,"The headline and summary suggest comparing two insurers for a safe investment option, indicating a positive outlook on the insurance sector. Investors seeking safety and stability may be inclined to invest in AXP, leading to a likely short-term stock movement upwards."
American Express  ( AXP )  Earnings Expected to Grow: What to Know Ahead of Next Week's Release,American Express (AXP) doesn't possess the right combination of the two key ingredients for a likely earnings beat in its upcoming report. Get prepared with the key expectations.,Zacks Commentary,20250410T140013,"[{'topic': 'Earnings', 'relevance_score': '1.0'}, {'topic': 'Finance', 'relevance_score': '1.0'}, {'topic': 'Financial Markets', 'relevance_score': '0.316726'}]",Neutral,0.140456,AXP,"['Earnings Expected to Grow', 'upcoming report', 'key expectations']",Up,"The evidence suggests that American Express (AXP) is expected to have growing earnings in the upcoming report, which indicates a positive outlook for the company. Additionally, the focus on key expectations implies that there may be positive developments that could lead to an increase in the stock price in the short term."
SAIC Appoints Kathleen McCarthy as New Executive Vice President and Chief Human Resources Officer,"RESTON, Va., April 09, 2025 ( GLOBE NEWSWIRE ) -- Science Applications International Corp. ( NASDAQ: SAIC ) , a premier mission integrator driving our nation's digital transformation across the defense, space, civilian and intelligence markets, is pleased to announce the appointment of Kathleen ...",GlobeNewswire,20250409T143000,"[{'topic': 'Technology', 'relevance_score': '0.333333'}, {'topic': 'Finance', 'relevance_score': '0.333333'}, {'topic': 'Manufacturing', 'relevance_score': '0.333333'}]",Bullish,0.508933,AXP,"['appoints Kathleen McCarthy as New Executive Vice President and Chief Human Resources Officer', 'pleased to announce the appointment of Kathleen']",Up,"The appointment of Kathleen McCarthy as the new Executive Vice President and Chief Human Resources Officer is a positive development for AXP. Such key executive appointments often signal strategic growth initiatives and a focus on human capital management, which can boost investor confidence and lead to a potential increase in the stock price in the short term."
Stock Market Sell-Off: The 3 Best Stocks to Buy Right Now,Now is not the time to panic. Now is the time to make rational decisions for your stock portfolio.,Motley Fool,20250409T094000,"[{'topic': 'Economy - Monetary', 'relevance_score': '0.158519'}, {'topic': 'Retail & Wholesale', 'relevance_score': '0.5'}, {'topic': 'Financial Markets', 'relevance_score': '0.99977'}, {'topic': 'Earnings', 'relevance_score': '0.95493'}, {'topic': 'Finance', 'relevance_score': '0.5'}]",Neutral,0.017013,AXP,"['Stock Market Sell-Off', '3 Best Stocks to Buy', 'rational decisions', 'stock portfolio']",Up,"Despite the overall market sell-off, the headline suggests there are still opportunities to buy stocks, including AXP. The emphasis on making rational decisions and not panicking indicates a positive outlook for AXP's short-term stock movement, likely leading to an upward trend."
American Express  ( AXP )  Stock Moves -1.44%: What You Should Know,"American Express (AXP) closed at $230.90 in the latest trading session, marking a -1.44% move from the prior day.",Zacks Commentary,20250408T215014,"[{'topic': 'Earnings', 'relevance_score': '0.961735'}, {'topic': 'Finance', 'relevance_score': '1.0'}, {'topic': 'Financial Markets', 'relevance_score': '0.316726'}]",Neutral,0.112832,AXP,"['closed at $230.90', '-1.44% move from the prior day']",Down,"Based on the sentiment label of 'Neutral' and the evidence showing a -1.44% move from the prior day, it indicates a downward trend in the stock price. Investors may interpret this as a lack of significant positive news to drive the stock price up in the short term, leading to a likely downward movement."
Delta Boosts Winter Flights to the Caribbean and Latin America,Delta expands its Caribbean and Latin American reach by launching flights for this winter.,Zacks Commentary,20250408T143600,"[{'topic': 'Earnings', 'relevance_score': '0.769861'}, {'topic': 'Energy & Transportation', 'relevance_score': '0.5'}, {'topic': 'Finance', 'relevance_score': '0.5'}]",Somewhat-Bullish,0.270523,AXP,"['Delta Boosts Winter Flights', 'expands its Caribbean and Latin American reach', 'launching flights for this winter']",Up,"The news of Delta expanding its flights to the Caribbean and Latin America indicates potential growth and increased demand for travel to these regions. This expansion could lead to higher revenue for AXP as more travelers may use their services, hence a likely short-term stock movement upwards."
Should You Buy Synchrony Stock After Wall Street Ups Earnings View?,"SYF's CareCredit platform is expanding rapidly, especially within the healthcare sector.",Zacks Commentary,20250408T141100,"[{'topic': 'Economy - Monetary', 'relevance_score': '0.158519'}, {'topic': 'Financial Markets', 'relevance_score': '0.459462'}, {'topic': 'Earnings', 'relevance_score': '0.818451'}, {'topic': 'Finance', 'relevance_score': '1.0'}]",Somewhat-Bullish,0.323729,AXP,"['expanding rapidly', 'especially within the healthcare sector']",Up,"The evidence suggests that Synchrony's CareCredit platform is experiencing rapid expansion, particularly in the healthcare sector. This growth potential is likely to positively impact the company's earnings and overall performance, leading to a predicted short-term stock movement of 'Up'."
Unpacking the Latest Options Trading Trends in American Express - American Express  ( NYSE:AXP ) ,"Whales with a lot of money to spend have taken a noticeably bullish stance on American Express. Looking at options history for American Express AXP we detected 9 trades. If we consider the specifics of each trade, it is accurate to state that 66% of the investors opened trades with bullish ...",Benzinga,20250408T140123,"[{'topic': 'Earnings', 'relevance_score': '0.158519'}, {'topic': 'Finance', 'relevance_score': '1.0'}, {'topic': 'Financial Markets', 'relevance_score': '0.977154'}]",Somewhat-Bullish,0.227834,AXP,"['bullish stance', 'options trading trends', '9 trades', '66% of investors opened trades with bullish']",Up,"Based on the evidence extracted from the headline and summary, which highlight a bullish sentiment among investors with a noticeably bullish stance and a majority of trades being opened with a bullish outlook, it is likely that the short-term stock movement of AXP will be Up."
Where Will American Express Stock Be in 1 Year?,"American Express ( NYSE: AXP ) shareholders are finding their wallets a bit lighter at the start of the year, as the stock has declined approximately 29% from its 52-week high. Despite the credit services giant posting record financial results for 2024, concerns about the strength of the U.S. ...",Motley Fool,20250408T135300,"[{'topic': 'Economy - Monetary', 'relevance_score': '0.158519'}, {'topic': 'Economy - Fiscal', 'relevance_score': '0.158519'}, {'topic': 'Financial Markets', 'relevance_score': '0.995077'}, {'topic': 'Earnings', 'relevance_score': '0.99737'}, {'topic': 'Finance', 'relevance_score': '1.0'}]",Somewhat-Bullish,0.249476,AXP,"['stock has declined approximately 29% from its 52-week high', 'concerns about the strength of the U.S.']",Up,"Despite the recent decline in stock price and concerns about the U.S. economy, the fact that American Express posted record financial results for 2024 indicates underlying strength in the company. This positive financial performance could lead to increased investor confidence and a potential uptick in the stock price in the short term."
"AmEx Stock Trails S&P 500, Declines 21% YTD: Time to Buy or Cash Out?","AXP's clients typically have higher incomes and strong credit scores, which helps minimize credit risks.",Zacks Commentary,20250407T155300,"[{'topic': 'Economy - Monetary', 'relevance_score': '0.576289'}, {'topic': 'Financial Markets', 'relevance_score': '0.161647'}, {'topic': 'Earnings', 'relevance_score': '0.988915'}, {'topic': 'Finance', 'relevance_score': '1.0'}]",Somewhat-Bullish,0.302215,AXP,"['Declines 21% YTD', 'higher incomes', 'strong credit scores', 'minimize credit risks']",Up,"Despite the decline in stock performance year-to-date, the fact that AXP's clients have higher incomes and strong credit scores suggests a level of stability and creditworthiness. This could attract investors looking for a relatively safe investment, potentially leading to an increase in demand for AXP stock and a likely short-term upward movement."
IX or AXP: Which Is the Better Value Stock Right Now?,IX vs. AXP: Which Stock Is the Better Value Option?,Zacks Commentary,20250407T154006,"[{'topic': 'Earnings', 'relevance_score': '0.795202'}, {'topic': 'Finance', 'relevance_score': '1.0'}]",Bullish,0.473469,AXP,"['Better Value Stock', 'Better Value Option']",Up,"The headline and summary both indicate a comparison between IX and AXP, with AXP being labeled as the better value option. This positive sentiment towards AXP suggests that investors may view it favorably, potentially leading to an increase in its stock price in the short term."
"Warren Buffett's Berkshire Hathaway Unfazed By Trump Tariff-Triggered Market Selloff: Shares Up 9.41% YTD, Adding $87.81 Billion In Investor Wealth In 2025 - Apple  ( NASDAQ:AAPL ) , American Express  ( NYSE:AXP ) ","Warren Buffett's Berkshire Hathaway Inc. BRK BRK has outperformed the losses in the S&P 500, while the 'Oracle of Omaha' has emerged as the only top 10 billionaire to see a net worth gain on a year-to-date basis in 2025.",Benzinga,20250407T125322,"[{'topic': 'Financial Markets', 'relevance_score': '0.905476'}, {'topic': 'Manufacturing', 'relevance_score': '0.25'}, {'topic': 'Energy & Transportation', 'relevance_score': '0.25'}, {'topic': 'Technology', 'relevance_score': '0.25'}, {'topic': 'Finance', 'relevance_score': '0.25'}]",Somewhat-Bullish,0.225565,AXP,"[""Warren Buffett's Berkshire Hathaway Unfazed By Trump Tariff-Triggered Market Selloff"", 'Shares Up 9.41% YTD', 'Adding $87.81 Billion In Investor Wealth In 2025', 'American Express (NYSE:AXP)']",Up,"The evidence suggests a positive outlook for AXP as Warren Buffett's Berkshire Hathaway, a major investor in AXP, remains unfazed by market selloffs. The significant increase in investor wealth and the positive performance of Berkshire Hathaway indicate a bullish sentiment towards AXP. Therefore, the likely short-term stock movement for AXP is 'Up'."
1 Top Warren Buffett Stock Down 28% That Could Double Your Money in 5 Years,"In the past 40 years, Berkshire Hathaway has compounded shareholder capital to the tune of 40,000%. The conglomerate has done this under the direction of Warren Buffett, arguably the greatest capital allocator ever who knows how to pick winners.There's one top holding for Berkshire, representing ...",Motley Fool,20250407T121500,"[{'topic': 'Earnings', 'relevance_score': '0.94762'}, {'topic': 'Finance', 'relevance_score': '1.0'}, {'topic': 'Financial Markets', 'relevance_score': '0.266143'}]",Bullish,0.364241,AXP,"['Warren Buffett Stock', 'Double Your Money', 'Berkshire Hathaway', 'Capital Allocator', 'Pick Winners']",Up,"The sentiment of the news headline and summary is bullish, indicating positive outlook for the company AXP. The mention of Warren Buffett stock, Berkshire Hathaway, and the potential to double money in 5 years suggest optimism and growth potential. Investors may interpret this news as a signal to buy AXP stock, leading to a likely short-term upward movement."
5 Reasons to Buy Coca-Cola Stock Like There's No Tomorrow,The beverage giant is a good safe haven stock for this volatile market.,Motley Fool,20250406T085500,"[{'topic': 'Economy - Monetary', 'relevance_score': '0.310843'}, {'topic': 'Financial Markets', 'relevance_score': '0.5855'}, {'topic': 'Manufacturing', 'relevance_score': '0.5'}, {'topic': 'Earnings', 'relevance_score': '0.94762'}, {'topic': 'Finance', 'relevance_score': '0.5'}]",Somewhat-Bullish,0.179591,AXP,"['good safe haven stock', 'volatile market']",Up,"The headline and summary indicate that Coca-Cola stock is considered a safe haven in a volatile market, suggesting stability and potential growth. Investors seeking safety and stability are likely to be attracted to Coca-Cola stock, leading to increased demand and a likely short-term stock movement upwards."
3 No-Brainer Warren Buffett Stocks to Buy Right Now,"When in doubt about your next best bet, consider poaching an idea (or three) from the world's most proven stock picker.",Motley Fool,20250405T090700,"[{'topic': 'Retail & Wholesale', 'relevance_score': '0.333333'}, {'topic': 'Financial Markets', 'relevance_score': '0.459462'}, {'topic': 'Energy & Transportation', 'relevance_score': '0.333333'}, {'topic': 'Finance', 'relevance_score': '0.333333'}]",Somewhat-Bullish,0.239997,AXP,"['Warren Buffett Stocks', 'Buy Right Now', 'proven stock picker']",Up,"The headline and summary suggest that Warren Buffett's stock picks are reliable and worth considering. As Warren Buffett is known for his successful investments, the mention of his stocks in a positive light indicates potential growth for AXP in the short term."
5 Reasons to Buy American Express Stock Like There's No Tomorrow,The credit card and banking giant is still an evergreen investment.,Motley Fool,20250405T084000,"[{'topic': 'Economy - Monetary', 'relevance_score': '0.451494'}, {'topic': 'Financial Markets', 'relevance_score': '0.980922'}, {'topic': 'Earnings', 'relevance_score': '0.98396'}, {'topic': 'Finance', 'relevance_score': '1.0'}]",Neutral,0.144255,AXP,"['Buy American Express Stock', 'evergreen investment']",Up,"The headline and summary both suggest positive sentiment towards American Express stock, indicating a favorable outlook. The phrase '5 Reasons to Buy' implies optimism and potential growth, while describing the company as an 'evergreen investment' reinforces the positive sentiment. Therefore, the likely short-term stock movement for AXP is 'Up'."
2 Warren Buffett Stocks to Hold Forever,"Warren Buffett is known for saying his favorite holding period is ""forever."" But if you follow Berkshire Hathaway's trading activity, you'll notice that it sells stocks quite often, whether partial or full positions.",Motley Fool,20250405T071400,"[{'topic': 'Economy - Monetary', 'relevance_score': '0.158519'}, {'topic': 'Financial Markets', 'relevance_score': '0.918141'}, {'topic': 'Manufacturing', 'relevance_score': '0.5'}, {'topic': 'Earnings', 'relevance_score': '0.998682'}, {'topic': 'Finance', 'relevance_score': '0.5'}]",Somewhat-Bullish,0.258133,AXP,"['Warren Buffett', 'hold forever', 'Berkshire Hathaway', 'sells stocks quite often']",Up,"Given the somewhat-bullish sentiment and the mention of Warren Buffett holding stocks forever, investors may interpret this as a positive signal for AXP. Additionally, the fact that Berkshire Hathaway sells stocks quite often could indicate that AXP is a strong long-term hold. Therefore, the likely short-term stock movement for AXP is Up."
Mastercard vs. AmEx: Which Payments Giant Has More Room to Run?,"Compared to MA's more globally diversified business, AXP remains more exposed to domestic economic shifts.",Zacks Commentary,20250404T160700,"[{'topic': 'Economy - Monetary', 'relevance_score': '0.310843'}, {'topic': 'Financial Markets', 'relevance_score': '0.360215'}, {'topic': 'Earnings', 'relevance_score': '0.918141'}, {'topic': 'Finance', 'relevance_score': '1.0'}]",Somewhat-Bullish,0.343826,AXP,"['globally diversified business', 'domestic economic shifts']",Up,"The comparison between Mastercard and AmEx suggests that AmEx has more room to grow due to its exposure to domestic economic shifts. This indicates potential positive growth for AmEx in the short-term, leading to an 'Up' stock movement."
Best Fat Burners For Men and Women: Top Natural Fat Burners That Actually work  ( PhenQ Review ) ,"NEW YORK, April 04, 2025 ( GLOBE NEWSWIRE ) -- PhenQ is a weight loss supplement that uses six natural ingredients. It has been studied for safe and healthy weight loss. Unlike many supplements that focus on just one part of weight loss, PhenQ works in five different ways.",Benzinga,20250404T123831,"[{'topic': 'Finance', 'relevance_score': '0.5'}, {'topic': 'Manufacturing', 'relevance_score': '0.5'}]",Somewhat-Bullish,0.213971,AXP,"['Best Fat Burners For Men and Women', 'Top Natural Fat Burners That Actually work', 'uses six natural ingredients', 'studied for safe and healthy weight loss', 'works in five different ways']",Up,"The headline and summary highlight the effectiveness and natural ingredients of PhenQ, a weight loss supplement. The positive phrases like 'Best Fat Burners', 'Top Natural Fat Burners', and 'safe and healthy weight loss' indicate a positive sentiment towards the product. This positive sentiment is likely to drive increased interest and demand for PhenQ, leading to a potential short-term stock movement upwards."
"Can XRP Turn a $10,000 Investment Into $1 Million?","XRP ( CRYPTO: XRP ) investors received some great news recently -- the Securities and Exchange Commission dropped its case against Ripple, the company behind the token. The case hung over the cryptocurrency for years, as regulators alleged Ripple should have registered XRP as a security.",Motley Fool,20250404T090000,"[{'topic': 'Finance', 'relevance_score': '1.0'}, {'topic': 'Blockchain', 'relevance_score': '0.576289'}, {'topic': 'Financial Markets', 'relevance_score': '0.744043'}]",Somewhat-Bullish,0.276493,AXP,"['great news', 'dropped its case against Ripple', 'alleged Ripple should have registered XRP as a security']",Up,"The sentiment of the news headline and summary is positive, indicating a favorable development for XRP and Ripple. The dropping of the SEC case removes a major regulatory uncertainty, which could boost investor confidence and lead to increased interest in XRP. This positive news is likely to drive the short-term stock movement of AXP upwards."
Warren Buffett's Favorite Stock to Buy -- $78 Billion Purchased in Less Than 7 Years -- Is Absolutely Crushing the S&P 500 This Year,"The Oracle of Omaha's all-time favorite stock to purchase has outpaced the S&P 500 by more than 21 percentage points in 2025, and 75 percentage points over the last five years.",Motley Fool,20250404T070600,"[{'topic': 'Financial Markets', 'relevance_score': '1.0'}, {'topic': 'Manufacturing', 'relevance_score': '0.25'}, {'topic': 'Earnings', 'relevance_score': '0.744043'}, {'topic': 'Energy & Transportation', 'relevance_score': '0.25'}, {'topic': 'Technology', 'relevance_score': '0.25'}, {'topic': 'Finance', 'relevance_score': '0.25'}]",Somewhat-Bullish,0.220729,AXP,"[""Warren Buffett's Favorite Stock to Buy"", '$78 Billion Purchased in Less Than 7 Years', 'Absolutely Crushing the S&P 500 This Year', 'Outpaced the S&P 500 by more than 21 percentage points in 2025', '75 percentage points over the last five years']",Up,"Based on the evidence provided, it is clear that AXP, Warren Buffett's favorite stock, has been performing exceptionally well, outpacing the S&P 500 significantly. With such strong performance and Buffett's continued confidence in the stock, it is likely that AXP will continue its upward trend in the short term."
Clear Secure Stock Rises 11% in a Month: Is it a Good Time to Invest?,"YOU's strategic partnerships, innovative platform and strong growth across industries position it for continued success, driving expansion and enhancing market leadership.",Zacks Commentary,20250403T153400,"[{'topic': 'Retail & Wholesale', 'relevance_score': '0.5'}, {'topic': 'Financial Markets', 'relevance_score': '0.108179'}, {'topic': 'Earnings', 'relevance_score': '0.795202'}, {'topic': 'Finance', 'relevance_score': '0.5'}]",Bullish,0.535245,AXP,"['Clear Secure Stock Rises 11%', 'strategic partnerships', 'innovative platform', 'strong growth across industries', 'continued success', 'expansion', 'enhancing market leadership']",Up,"The evidence suggests that Clear Secure (AXP) has been experiencing positive growth with strategic partnerships, innovation, and strong growth across industries. This indicates a bullish sentiment in the market, leading to a likely short-term stock movement upwards as investors view it as a good time to invest."
Market Whales and Their Recent Bets on AXP Options - American Express  ( NYSE:AXP ) ,"Deep-pocketed investors have adopted a bearish approach towards American Express AXP, and it's something market players shouldn't ignore. Our tracking of public options records at Benzinga unveiled this significant move today.",Benzinga,20250403T140546,"[{'topic': 'Earnings', 'relevance_score': '0.310843'}, {'topic': 'Finance', 'relevance_score': '1.0'}, {'topic': 'Financial Markets', 'relevance_score': '0.990999'}]",Somewhat-Bullish,0.201426,AXP,"['bearish approach', 'deep-pocketed investors', 'significant move']",Down,"The evidence suggests that deep-pocketed investors have taken a bearish approach towards AXP, indicating a negative sentiment. This significant move by market whales typically influences market sentiment and could lead to a short-term downward movement in AXP stock."
Why American Express Stock Dropped 11% in March,"American Express ( NYSE: AXP ) stock fell 11% in March according to data provided by S&P Global Market Intelligence. Investors are worried about the impact of President Donald Trump's new tariff campaign on spending, which could negatively impact the credit card network's business.American ...",Motley Fool,20250403T120219,"[{'topic': 'Earnings', 'relevance_score': '0.858979'}, {'topic': 'Finance', 'relevance_score': '1.0'}, {'topic': 'Financial Markets', 'relevance_score': '0.214378'}]",Somewhat-Bullish,0.336406,AXP,"['American Express Stock Dropped 11% in March', 'stock fell 11% in March', ""worried about the impact of President Donald Trump's new tariff campaign on spending""]",Down,The evidence suggests a negative sentiment surrounding American Express due to the significant drop in stock price in March and concerns about the impact of Trump's tariff campaign on spending. This negative sentiment is likely to lead to a short-term downward movement in AXP stock.
3 Warren Buffett Dividend Stocks That Are Built to Last,Warren Buffett-led Berkshire Hathaway is reaching new all-time highs despite a year-to-date sell-off in major indexes like the S&P 500 and Nasdaq Composite.The simplest way to invest in Buffett's top ideas is to buy Berkshire stock directly.,Motley Fool,20250403T113000,"[{'topic': 'Economy - Monetary', 'relevance_score': '0.158519'}, {'topic': 'Financial Markets', 'relevance_score': '0.723405'}, {'topic': 'Manufacturing', 'relevance_score': '0.333333'}, {'topic': 'Earnings', 'relevance_score': '0.576289'}, {'topic': 'Energy & Transportation', 'relevance_score': '0.333333'}, {'topic': 'Finance', 'relevance_score': '0.333333'}]",Somewhat-Bullish,0.307702,AXP,"['Warren Buffett Dividend Stocks', 'Built to Last', 'reaching new all-time highs', ""invest in Buffett's top ideas""]",Up,"Given the headline and summary mentioning Warren Buffett's dividend stocks that are built to last and reaching new all-time highs, along with the sentiment label of 'Somewhat-Bullish', it indicates positive sentiment and confidence in the company. This suggests that the likely short-term stock movement of AXP would be 'Up'."
Is Berkshire Hathaway  ( Class B )  Stock a Buy Now?,Market volatility has sent investors fleeing to shelter in Berkshire Hathaway.,Motley Fool,20250403T082300,"[{'topic': 'Financial Markets', 'relevance_score': '0.316726'}, {'topic': 'Manufacturing', 'relevance_score': '0.5'}, {'topic': 'Earnings', 'relevance_score': '0.310843'}, {'topic': 'Finance', 'relevance_score': '0.5'}]",Neutral,0.075925,AXP,"['Market volatility', 'investors fleeing', 'shelter in Berkshire Hathaway']",Up,"The sentiment label being 'Neutral' indicates a balanced view. However, the evidence suggests that market volatility is driving investors towards safe havens like Berkshire Hathaway. This flight to safety could potentially lead to increased demand for AXP stock, resulting in a likely short-term upward movement."
"Visa Offers $100 Million To Secure Apple Card Network In A Bid To Outdo Mastercard: Report - Apple  ( NASDAQ:AAPL ) , American Express  ( NYSE:AXP ) ",Visa Inc. V has reportedly proposed a $100 million payment to Apple Inc. AAPL to secure the Apple Card network. This move comes amid fierce competition among the country's leading payment networks. What Happened: Apple Card is up for grabs as Goldman Sachs Group Inc.,Benzinga,20250402T090828,"[{'topic': 'Technology', 'relevance_score': '0.5'}, {'topic': 'Finance', 'relevance_score': '0.5'}, {'topic': 'Financial Markets', 'relevance_score': '0.214378'}]",Somewhat-Bullish,0.176896,AXP,"['Visa offers $100 million', 'secure Apple Card network', 'fierce competition among payment networks']",Up,"The headline and summary indicate that Visa is making a significant investment to secure the Apple Card network, showing confidence in the potential growth of the partnership. The fierce competition among payment networks suggests a positive outlook for AXP as it is part of the Apple Card ecosystem. This could lead to increased transaction volumes and revenue for AXP, hence a likely short-term stock movement upwards."
2 Warren Buffett Favorites to Buy Now and Hold Through Any Market Environment,"The past few weeks have been tumultuous for the stock market and for investors. President Trump's tariffs on imports have stoked worries about higher prices -- and how that could affect the consumer's wallet, corporate profits, and the overall economy.",Motley Fool,20250402T081000,"[{'topic': 'Financial Markets', 'relevance_score': '0.99793'}, {'topic': 'Manufacturing', 'relevance_score': '0.5'}, {'topic': 'Earnings', 'relevance_score': '0.905476'}, {'topic': 'Finance', 'relevance_score': '0.5'}]",Somewhat-Bullish,0.329675,AXP,"['Warren Buffett Favorites', 'Buy Now', 'Hold Through Any Market Environment', 'tumultuous for the stock market', 'worries about higher prices', ""affect the consumer's wallet"", 'corporate profits', 'overall economy']",Up,"The headline mentioning Warren Buffett favorites to buy now and hold through any market environment suggests a positive outlook on AXP. Additionally, the concerns about higher prices due to tariffs may lead investors to seek stable investments like AXP, potentially driving the stock price up in the short term."
American Express  ( AXP )  Exceeds Market Returns: Some Facts to Consider,"In the latest trading session, American Express (AXP) closed at $270.48, marking a +0.53% move from the previous day.",Zacks Commentary,20250401T215015,"[{'topic': 'Earnings', 'relevance_score': '0.983783'}, {'topic': 'Finance', 'relevance_score': '1.0'}, {'topic': 'Financial Markets', 'relevance_score': '0.316726'}]",Neutral,0.143937,AXP,"['Exceeds Market Returns', '+0.53% move from the previous day']",Up,"The evidence suggests that American Express has been performing well, exceeding market returns and showing a positive move in the latest trading session. This indicates positive momentum and investor confidence, likely leading to a short-term stock movement upwards."
Are You Missing Out on These 2 Recent Double-Digit Dividend Increases?,"Dividend increases aren't exactly coming thick and fast these days. That's what happens in the periods between earnings seasons, when most companies concentrate on performance rather than payouts.But in an equities market as wide and deep as the U.S.'s, there is always bound to be an outlier or ...",Motley Fool,20250401T093000,"[{'topic': 'Earnings', 'relevance_score': '0.999763'}, {'topic': 'Finance', 'relevance_score': '1.0'}, {'topic': 'Financial Markets', 'relevance_score': '0.918141'}]",Somewhat-Bullish,0.269931,AXP,"['Double-Digit Dividend Increases', 'Outlier in equities market']",Up,"The news headline and summary highlight recent double-digit dividend increases, which is a positive sign for investors. This indicates that the company is performing well and rewarding shareholders. Additionally, the mention of an outlier in the equities market suggests that AXP may be outperforming its peers, leading to a likely short-term stock movement upwards."
37% of Warren Buffett's $290 Billion Berkshire Hathaway Portfolio Is Invested in These 2 S&P 500 Dividend Stocks,"Even though Berkshire Hathaway ( NYSE: BRK.A ) ( NYSE: BRK.B ) doesn't pay a dividend, it's clear that CEO Warren Buffett is a big fan of companies that cut investors in on their profits through regularly delivered cash checks.",Motley Fool,20250401T091200,"[{'topic': 'Economy - Monetary', 'relevance_score': '0.158519'}, {'topic': 'Financial Markets', 'relevance_score': '0.692272'}, {'topic': 'Earnings', 'relevance_score': '0.77141'}, {'topic': 'Technology', 'relevance_score': '0.5'}, {'topic': 'Finance', 'relevance_score': '0.5'}]",Somewhat-Bullish,0.266697,AXP,"[""Warren Buffett's $290 Billion Berkshire Hathaway Portfolio"", 'Invested in These 2 S&P 500 Dividend Stocks', 'CEO Warren Buffett is a big fan of companies that cut investors in on their profits through regularly delivered cash checks']",Up,"Given that Warren Buffett has a significant portion of his portfolio invested in dividend-paying stocks, including AXP, it indicates his confidence in the company's performance. This sentiment suggests positive outlook and potential growth for AXP in the short term, leading to a likely upward movement in the stock."
